record_index,message_index,fragment_role,rule,source_file,range_start,range_end,has_test_case,test_files,test_kind,test_suite,test_command,test_run_status,test_result_file,coverage_report,coverage_report_current,line_total_in_range,line_covered_in_range,line_coverage_pct,branch_side_total_in_range,branch_side_covered_in_range,branch_coverage_pct,function_total_overlapping_range,function_covered_overlapping_range,function_coverage_pct,overlapping_coverage_functions,note
1,1,original,@extrulesproject/code-clone-fragment-check,/Users/jiaomingyang/project/arkts/repos/agc-template-market-harmonyos-demos/KidsTemplate/PostpartumCareCenter/scenes/activities/src/main/ets/view/ActivityBooking.ets,70,88,yes,/Users/jiaomingyang/project/arkts/repos/agc-template-market-harmonyos-demos/KidsTemplate/PostpartumCareCenter/scenes/activities/src/ohosTest/ets/test/List.test.ets;/Users/jiaomingyang/project/arkts/repos/agc-template-market-harmonyos-demos/KidsTemplate/PostpartumCareCenter/scenes/activities/src/ohosTest/ets/test/ActivityBooking.test.ets,instrument-test,ActivityBookingUiTest,hvigorw onDeviceTest -p module=activities -p coverage=true -p scope=ActivityBookingUiTest,passed,/Users/jiaomingyang/project/arkts/repos/agc-template-market-harmonyos-demos/KidsTemplate/PostpartumCareCenter/scenes/activities/.test/default/intermediates/ohosTest/coverage_data/test_result.txt,/Users/jiaomingyang/project/arkts/repos/agc-template-market-harmonyos-demos/KidsTemplate/PostpartumCareCenter/scenes/activities/.test/default/outputs/ohosTest/reports/coverageReport.json,yes_2026-04-27_16:35:56,16,16,100.00,0,0,N/A,4,4,100.00,initialRender;anonymous_5;anonymous_8;anonymous_12,rerun passed: 1/1 tests
1,1,similar,@extrulesproject/code-clone-fragment-check,/Users/jiaomingyang/project/arkts/repos/agc-template-market-harmonyos-demos/KidsTemplate/PostpartumCareCenter/scenes/activities/src/main/ets/view/ActivityBooking.ets,118,136,yes,/Users/jiaomingyang/project/arkts/repos/agc-template-market-harmonyos-demos/KidsTemplate/PostpartumCareCenter/scenes/activities/src/ohosTest/ets/test/List.test.ets;/Users/jiaomingyang/project/arkts/repos/agc-template-market-harmonyos-demos/KidsTemplate/PostpartumCareCenter/scenes/activities/src/ohosTest/ets/test/ActivityBooking.test.ets,instrument-test,ActivityBookingUiTest,hvigorw onDeviceTest -p module=activities -p coverage=true -p scope=ActivityBookingUiTest,passed,/Users/jiaomingyang/project/arkts/repos/agc-template-market-harmonyos-demos/KidsTemplate/PostpartumCareCenter/scenes/activities/.test/default/intermediates/ohosTest/coverage_data/test_result.txt,/Users/jiaomingyang/project/arkts/repos/agc-template-market-harmonyos-demos/KidsTemplate/PostpartumCareCenter/scenes/activities/.test/default/outputs/ohosTest/reports/coverageReport.json,yes_2026-04-27_16:35:56,15,15,100.00,0,0,N/A,5,5,100.00,initialRender;anonymous_5;anonymous_8;anonymous_15;anonymous_18,rerun passed: 1/1 tests
2,1,original,@extrulesproject/code-clone-fragment-check,/Users/jiaomingyang/project/arkts/repos/agc-template-market-harmonyos-demos/LifestyleAndServiceTemplate/AdministrativeAffairs/Application/commons/components/src/main/ets/components/AboutUs.ets,42,57,yes,/Users/jiaomingyang/project/arkts/repos/agc-template-market-harmonyos-demos/LifestyleAndServiceTemplate/AdministrativeAffairs/Application/commons/components/src/ohosTest/ets/test/List.test.ets;/Users/jiaomingyang/project/arkts/repos/agc-template-market-harmonyos-demos/LifestyleAndServiceTemplate/AdministrativeAffairs/Application/commons/components/src/ohosTest/ets/test/AboutUsPage.test.ets,instrument-test,AboutUsPageTest,hvigorw onDeviceTest -p module=components -p coverage=true -p scope=AboutUsPageTest,passed,/Users/jiaomingyang/project/arkts/repos/agc-template-market-harmonyos-demos/LifestyleAndServiceTemplate/AdministrativeAffairs/Application/commons/components/.test/default/intermediates/ohosTest/coverage_data/test_result.txt,/Users/jiaomingyang/project/arkts/repos/agc-template-market-harmonyos-demos/LifestyleAndServiceTemplate/AdministrativeAffairs/Application/commons/components/.test/default/outputs/ohosTest/reports/coverageReport.json,yes_2026-04-27_16:26:00,13,13,100.00,0,0,N/A,9,9,100.00,initialRender;anonymous_3;anonymous_5;anonymous_6;anonymous_11;anonymous_12;anonymous_16;anonymous_19;anonymous_20,rerun passed: 3/3 tests
2,1,similar,@extrulesproject/code-clone-fragment-check,/Users/jiaomingyang/project/arkts/repos/agc-template-market-harmonyos-demos/LifestyleAndServiceTemplate/AdministrativeAffairs/Application/commons/components/src/main/ets/components/AboutUs.ets,63,78,yes,/Users/jiaomingyang/project/arkts/repos/agc-template-market-harmonyos-demos/LifestyleAndServiceTemplate/AdministrativeAffairs/Application/commons/components/src/ohosTest/ets/test/List.test.ets;/Users/jiaomingyang/project/arkts/repos/agc-template-market-harmonyos-demos/LifestyleAndServiceTemplate/AdministrativeAffairs/Application/commons/components/src/ohosTest/ets/test/AboutUsPage.test.ets,instrument-test,AboutUsPageTest,hvigorw onDeviceTest -p module=components -p coverage=true -p scope=AboutUsPageTest,passed,/Users/jiaomingyang/project/arkts/repos/agc-template-market-harmonyos-demos/LifestyleAndServiceTemplate/AdministrativeAffairs/Application/commons/components/.test/default/intermediates/ohosTest/coverage_data/test_result.txt,/Users/jiaomingyang/project/arkts/repos/agc-template-market-harmonyos-demos/LifestyleAndServiceTemplate/AdministrativeAffairs/Application/commons/components/.test/default/outputs/ohosTest/reports/coverageReport.json,yes_2026-04-27_16:26:00,13,13,100.00,0,0,N/A,10,10,100.00,initialRender;anonymous_3;anonymous_5;anonymous_6;anonymous_11;anonymous_12;anonymous_24;anonymous_26;anonymous_27;anonymous_28,rerun passed: 3/3 tests
3,1,original,@extrulesproject/code-clone-fragment-check,/Users/jiaomingyang/project/arkts/repos/agc-template-market-harmonyos-demos/LifestyleAndServiceTemplate/ShoppingMall/components/module_points/src/main/ets/components/SubmitPointConfirm.ets,15,36,yes,/Users/jiaomingyang/project/arkts/repos/agc-template-market-harmonyos-demos/LifestyleAndServiceTemplate/ShoppingMall/components/module_points/src/ohosTest/ets/test/List.test.ets;/Users/jiaomingyang/project/arkts/repos/agc-template-market-harmonyos-demos/LifestyleAndServiceTemplate/ShoppingMall/components/module_points/src/ohosTest/ets/test/SubmitPointConfirm.test.ets,instrument-test,SubmitPointConfirmTest,hvigorw onDeviceTest -p module=module_points -p coverage=true -p scope=SubmitPointConfirmTest,passed,/Users/jiaomingyang/project/arkts/repos/agc-template-market-harmonyos-demos/LifestyleAndServiceTemplate/ShoppingMall/components/module_points/.test/default/intermediates/ohosTest/coverage_data/test_result.txt,/Users/jiaomingyang/project/arkts/repos/agc-template-market-harmonyos-demos/LifestyleAndServiceTemplate/ShoppingMall/components/module_points/.test/default/outputs/ohosTest/reports/coverageReport.json,yes_2026-04-27_16:26:23,18,18,100.00,0,0,N/A,9,9,100.00,scanPointConfirmBuilder;anonymous_4;anonymous_5;anonymous_7;anonymous_8;anonymous_9;anonymous_10;anonymous_11;anonymous_12,rerun passed: 3/3 tests
3,1,similar,@extrulesproject/code-clone-fragment-check,/Users/jiaomingyang/project/arkts/repos/agc-template-market-harmonyos-demos/LifestyleAndServiceTemplate/ShoppingMall/components/module_points/src/main/ets/components/SubmitPointConfirm.ets,60,81,yes,/Users/jiaomingyang/project/arkts/repos/agc-template-market-harmonyos-demos/LifestyleAndServiceTemplate/ShoppingMall/components/module_points/src/ohosTest/ets/test/List.test.ets;/Users/jiaomingyang/project/arkts/repos/agc-template-market-harmonyos-demos/LifestyleAndServiceTemplate/ShoppingMall/components/module_points/src/ohosTest/ets/test/SubmitPointConfirm.test.ets,instrument-test,SubmitPointConfirmTest,hvigorw onDeviceTest -p module=module_points -p coverage=true -p scope=SubmitPointConfirmTest,passed,/Users/jiaomingyang/project/arkts/repos/agc-template-market-harmonyos-demos/LifestyleAndServiceTemplate/ShoppingMall/components/module_points/.test/default/intermediates/ohosTest/coverage_data/test_result.txt,/Users/jiaomingyang/project/arkts/repos/agc-template-market-harmonyos-demos/LifestyleAndServiceTemplate/ShoppingMall/components/module_points/.test/default/outputs/ohosTest/reports/coverageReport.json,yes_2026-04-27_16:26:23,19,19,100.00,0,0,N/A,10,10,100.00,photoPointConfirmBuilder;anonymous_13;anonymous_14;anonymous_15;anonymous_16;anonymous_17;anonymous_18;anonymous_19;anonymous_20;anonymous_21,rerun passed: 3/3 tests
4,1,original,@extrulesproject/code-clone-fragment-check,/Users/jiaomingyang/project/arkts/repos/agc-template-market-harmonyos-demos/MovieTVAndLivestreamingTemplate/WebShortDrama/features/mine/src/main/ets/pages/MyFavoritesPage.ets,8,32,yes,/Users/jiaomingyang/project/arkts/repos/agc-template-market-harmonyos-demos/MovieTVAndLivestreamingTemplate/WebShortDrama/features/mine/src/ohosTest/ets/test/List.test.ets;/Users/jiaomingyang/project/arkts/repos/agc-template-market-harmonyos-demos/MovieTVAndLivestreamingTemplate/WebShortDrama/features/mine/src/ohosTest/ets/test/MyFavoritesPage.test.ets;/Users/jiaomingyang/project/arkts/repos/agc-template-market-harmonyos-demos/MovieTVAndLivestreamingTemplate/WebShortDrama/features/mine/src/ohosTest/ets/test/WatchRecordsPage.test.ets,instrument-test,"MyFavoritesPageUiTest,WatchRecordsPageUiTest","hvigorw onDeviceTest -p module=mine -p coverage=true -p scope=MyFavoritesPageUiTest,WatchRecordsPageUiTest",passed,/Users/jiaomingyang/project/arkts/repos/agc-template-market-harmonyos-demos/MovieTVAndLivestreamingTemplate/WebShortDrama/features/mine/.test/default/intermediates/ohosTest/coverage_data/test_result.txt,/Users/jiaomingyang/project/arkts/repos/agc-template-market-harmonyos-demos/MovieTVAndLivestreamingTemplate/WebShortDrama/features/mine/.test/default/outputs/ohosTest/reports/coverageReport.json,yes_2026-04-27_16:35:21,16,15,93.75,0,0,N/A,13,12,92.31,resetStateVarsOnReuse;aboutToAppear;anonymous_1;initialRender;anonymous_2;anonymous_3;anonymous_4;anonymous_5;anonymous_6;anonymous_7;anonymous_8;anonymous_11;anonymous_12,rerun passed: 2/2 tests
4,1,similar,@extrulesproject/code-clone-fragment-check,/Users/jiaomingyang/project/arkts/repos/agc-template-market-harmonyos-demos/MovieTVAndLivestreamingTemplate/WebShortDrama/features/mine/src/main/ets/pages/WatchRecordsPage.ets,8,32,yes,/Users/jiaomingyang/project/arkts/repos/agc-template-market-harmonyos-demos/MovieTVAndLivestreamingTemplate/WebShortDrama/features/mine/src/ohosTest/ets/test/List.test.ets;/Users/jiaomingyang/project/arkts/repos/agc-template-market-harmonyos-demos/MovieTVAndLivestreamingTemplate/WebShortDrama/features/mine/src/ohosTest/ets/test/MyFavoritesPage.test.ets;/Users/jiaomingyang/project/arkts/repos/agc-template-market-harmonyos-demos/MovieTVAndLivestreamingTemplate/WebShortDrama/features/mine/src/ohosTest/ets/test/WatchRecordsPage.test.ets,instrument-test,"MyFavoritesPageUiTest,WatchRecordsPageUiTest","hvigorw onDeviceTest -p module=mine -p coverage=true -p scope=MyFavoritesPageUiTest,WatchRecordsPageUiTest",passed,/Users/jiaomingyang/project/arkts/repos/agc-template-market-harmonyos-demos/MovieTVAndLivestreamingTemplate/WebShortDrama/features/mine/.test/default/intermediates/ohosTest/coverage_data/test_result.txt,/Users/jiaomingyang/project/arkts/repos/agc-template-market-harmonyos-demos/MovieTVAndLivestreamingTemplate/WebShortDrama/features/mine/.test/default/outputs/ohosTest/reports/coverageReport.json,yes_2026-04-27_16:35:21,16,15,93.75,0,0,N/A,13,12,92.31,resetStateVarsOnReuse;aboutToAppear;anonymous_1;initialRender;anonymous_2;anonymous_3;anonymous_4;anonymous_5;anonymous_6;anonymous_7;anonymous_8;anonymous_10;anonymous_11,rerun passed: 2/2 tests
5,1,original,@extrulesproject/code-clone-fragment-check,/Users/jiaomingyang/project/arkts/repos/agc-template-market-harmonyos-demos/NavigationTemplate/AirTrip/Application/features/home/src/main/ets/pages/HomePage.ets,194,209,yes,/Users/jiaomingyang/project/arkts/repos/agc-template-market-harmonyos-demos/NavigationTemplate/AirTrip/Application/features/home/src/ohosTest/ets/test/List.test.ets;/Users/jiaomingyang/project/arkts/repos/agc-template-market-harmonyos-demos/NavigationTemplate/AirTrip/Application/features/home/src/ohosTest/ets/test/HomePageFlightBooking.test.ets,instrument-test,HomePageFlightBookingTest,hvigorw onDeviceTest -p module=home -p coverage=true -p scope=HomePageFlightBookingTest,passed,/Users/jiaomingyang/project/arkts/repos/agc-template-market-harmonyos-demos/NavigationTemplate/AirTrip/Application/features/home/.test/default/intermediates/ohosTest/coverage_data/test_result.txt,/Users/jiaomingyang/project/arkts/repos/agc-template-market-harmonyos-demos/NavigationTemplate/AirTrip/Application/features/home/.test/default/outputs/ohosTest/reports/coverageReport.json,yes_2026-04-27_16:26:53,15,15,100.00,2,1,50.00,6,5,83.33,FlightBookingView;anonymous_11;anonymous_15;anonymous_16;anonymous_17;anonymous_19,rerun passed: 3/3 tests
5,1,similar,@extrulesproject/code-clone-fragment-check,/Users/jiaomingyang/project/arkts/repos/agc-template-market-harmonyos-demos/NavigationTemplate/AirTrip/Application/features/home/src/main/ets/pages/HomePage.ets,238,253,yes,/Users/jiaomingyang/project/arkts/repos/agc-template-market-harmonyos-demos/NavigationTemplate/AirTrip/Application/features/home/src/ohosTest/ets/test/List.test.ets;/Users/jiaomingyang/project/arkts/repos/agc-template-market-harmonyos-demos/NavigationTemplate/AirTrip/Application/features/home/src/ohosTest/ets/test/HomePageFlightBooking.test.ets,instrument-test,HomePageFlightBookingTest,hvigorw onDeviceTest -p module=home -p coverage=true -p scope=HomePageFlightBookingTest,passed,/Users/jiaomingyang/project/arkts/repos/agc-template-market-harmonyos-demos/NavigationTemplate/AirTrip/Application/features/home/.test/default/intermediates/ohosTest/coverage_data/test_result.txt,/Users/jiaomingyang/project/arkts/repos/agc-template-market-harmonyos-demos/NavigationTemplate/AirTrip/Application/features/home/.test/default/outputs/ohosTest/reports/coverageReport.json,yes_2026-04-27_16:26:53,15,15,100.00,2,1,50.00,6,6,100.00,FlightBookingView;anonymous_11;anonymous_15;anonymous_22;anonymous_24;anonymous_25,rerun passed: 3/3 tests
6,1,original,@extrulesproject/code-clone-fragment-check,/Users/jiaomingyang/project/arkts/repos/agc-template-market-harmonyos-demos/PhotographyTemplate/ImageProcessing/scenes/picture_beautification/src/main/ets/components/StickerToolBar.ets,78,131,yes,/Users/jiaomingyang/project/arkts/repos/agc-template-market-harmonyos-demos/PhotographyTemplate/ImageProcessing/scenes/picture_beautification/src/ohosTest/ets/test/List.test.ets;/Users/jiaomingyang/project/arkts/repos/agc-template-market-harmonyos-demos/PhotographyTemplate/ImageProcessing/scenes/picture_beautification/src/ohosTest/ets/test/StickerToolBar.test.ets,instrument-test,StickerToolBarInstrumentTest,hvigorw onDeviceTest -p module=picture_beautification -p coverage=true -p scope=StickerToolBarInstrumentTest,passed,/Users/jiaomingyang/project/arkts/repos/agc-template-market-harmonyos-demos/PhotographyTemplate/ImageProcessing/scenes/picture_beautification/.test/default/intermediates/ohosTest/coverage_data/test_result.txt,/Users/jiaomingyang/project/arkts/repos/agc-template-market-harmonyos-demos/PhotographyTemplate/ImageProcessing/scenes/picture_beautification/.test/default/outputs/ohosTest/reports/coverageReport.json,yes_2026-04-27_19:55:24,43,43,100.00,8,8,100.00,12,12,100.00,initialRender;anonymous_3;anonymous_23;anonymous_24;anonymous_25;anonymous_26;anonymous_29;anonymous_30;anonymous_31;anonymous_32;anonymous_33;anonymous_34,rerun passed: 8/8 tests
6,1,similar,@extrulesproject/code-clone-fragment-check,/Users/jiaomingyang/project/arkts/repos/agc-template-market-harmonyos-demos/PhotographyTemplate/ImageProcessing/scenes/picture_beautification/src/main/ets/components/StickerToolBar.ets,141,194,yes,/Users/jiaomingyang/project/arkts/repos/agc-template-market-harmonyos-demos/PhotographyTemplate/ImageProcessing/scenes/picture_beautification/src/ohosTest/ets/test/List.test.ets;/Users/jiaomingyang/project/arkts/repos/agc-template-market-harmonyos-demos/PhotographyTemplate/ImageProcessing/scenes/picture_beautification/src/ohosTest/ets/test/StickerToolBar.test.ets,instrument-test,StickerToolBarInstrumentTest,hvigorw onDeviceTest -p module=picture_beautification -p coverage=true -p scope=StickerToolBarInstrumentTest,passed,/Users/jiaomingyang/project/arkts/repos/agc-template-market-harmonyos-demos/PhotographyTemplate/ImageProcessing/scenes/picture_beautification/.test/default/intermediates/ohosTest/coverage_data/test_result.txt,/Users/jiaomingyang/project/arkts/repos/agc-template-market-harmonyos-demos/PhotographyTemplate/ImageProcessing/scenes/picture_beautification/.test/default/outputs/ohosTest/reports/coverageReport.json,yes_2026-04-27_19:55:24,41,41,100.00,8,8,100.00,10,10,100.00,stickerContentBuilder;anonymous_35;anonymous_36;anonymous_37;anonymous_40;anonymous_41;anonymous_42;anonymous_43;anonymous_44;anonymous_45,rerun passed: 8/8 tests
