record_index,message_index,fragment_role,rule,source_file,range_start,range_end,has_test_case,test_files,test_kind,test_suite,test_command,test_run_status,test_result_file,coverage_report,coverage_report_current,line_total_in_range,line_covered_in_range,line_coverage_pct,branch_side_total_in_range,branch_side_covered_in_range,branch_coverage_pct,function_total_overlapping_range,function_covered_overlapping_range,function_coverage_pct,overlapping_coverage_functions,note
1,1,original,@extrulesproject/switch-statement-check,/Users/jiaomingyang/project/arkts/repos/agc-template-market-harmonyos-demos/MovieTVAndLivestreamingTemplate/WebShortDrama/components/video_swiper/src/main/ets/view/VideoPlayView.ets,276,344,yes,/Users/jiaomingyang/project/arkts/repos/agc-template-market-harmonyos-demos/MovieTVAndLivestreamingTemplate/WebShortDrama/components/video_swiper/src/test/List.test.ets;/Users/jiaomingyang/project/arkts/repos/agc-template-market-harmonyos-demos/MovieTVAndLivestreamingTemplate/WebShortDrama/components/video_swiper/src/test/VideoPlayView.test.ets,local-test,VideoPlayViewTest,hvigorw.js --no-daemon test -p module=video_swiper -p coverage=true -p scope=VideoPlayViewTest,passed,/Users/jiaomingyang/project/arkts/repos/agc-template-market-harmonyos-demos/MovieTVAndLivestreamingTemplate/WebShortDrama/components/video_swiper/.test/default/intermediates/test/coverage_data/test_result.txt,/Users/jiaomingyang/project/arkts/repos/agc-template-market-harmonyos-demos/MovieTVAndLivestreamingTemplate/WebShortDrama/components/video_swiper/.test/default/outputs/test/reports/coverageReport.json,yes_2026-04-25_22:31:27,60,60,100.00,26,23,88.46,3,3,100.00,setAVPlayerStateListen;anonymous_42;anonymous_43,rerun passed: 5/5 local tests
2,1,original,@extrulesproject/switch-statement-check,/Users/jiaomingyang/project/arkts/repos/agc-template-market-harmonyos-demos/NavigationTemplate/Metro/features/Home/src/main/ets/functions/HomeFunctions.ets,15,35,yes,/Users/jiaomingyang/project/arkts/repos/agc-template-market-harmonyos-demos/NavigationTemplate/Metro/features/Home/src/test/List.test.ets;/Users/jiaomingyang/project/arkts/repos/agc-template-market-harmonyos-demos/NavigationTemplate/Metro/features/Home/src/test/HomeFunctions.test.ets,local-test,HomeFunctionsTest,hvigorw.js --no-daemon test -p module=Home -p coverage=true -p scope=HomeFunctionsTest,passed,/Users/jiaomingyang/project/arkts/repos/agc-template-market-harmonyos-demos/NavigationTemplate/Metro/features/Home/.test/default/intermediates/test/coverage_data/test_result.txt,/Users/jiaomingyang/project/arkts/repos/agc-template-market-harmonyos-demos/NavigationTemplate/Metro/features/Home/.test/default/outputs/test/reports/coverageReport.json,yes_2026-04-25_22:31:58,19,19,100.00,16,16,100.00,1,1,100.00,getColor,rerun passed: 12/12 local tests
3,1,original,@extrulesproject/switch-statement-check,/Users/jiaomingyang/project/arkts/repos/agc-template-market-harmonyos-demos/NewsTemplate/News/commons/network/src/main/ets/mock/MockResponse.ets,5,64,yes,/Users/jiaomingyang/project/arkts/repos/agc-template-market-harmonyos-demos/NewsTemplate/News/commons/network/src/test/List.test.ets;/Users/jiaomingyang/project/arkts/repos/agc-template-market-harmonyos-demos/NewsTemplate/News/commons/network/src/test/MockResponse.test.ets,local-test,MockResponseTest,DEVECO_SDK_HOME=/Applications/DevEco-Studio.app/Contents/sdk NODE_HOME=/Applications/DevEco-Studio.app/Contents/tools/node /Applications/DevEco-Studio.app/Contents/tools/node/bin/node /Applications/DevEco-Studio.app/Contents/tools/hvigor/bin/hvigorw.js --no-daemon test -p module=network -p coverage=true -p scope=MockResponseTest,passed,/Users/jiaomingyang/project/arkts/repos/agc-template-market-harmonyos-demos/NewsTemplate/News/commons/network/.test/default/intermediates/test/coverage_data/test_result.txt,/Users/jiaomingyang/project/arkts/repos/agc-template-market-harmonyos-demos/NewsTemplate/News/commons/network/.test/default/outputs/test/reports/coverageReport.json,yes_2026-04-26_20:06:05,58,58,100.00,54,54,100.00,1,1,100.00,getMockResponse,rerun passed: 30/30 local tests
4,1,original,@extrulesproject/switch-statement-check,/Users/jiaomingyang/project/arkts/repos/agc-template-market-harmonyos-demos/NewsTemplate/News/features/mine/src/main/ets/utils/SetFontSizeUtil.ets,4,26,yes,/Users/jiaomingyang/project/arkts/repos/agc-template-market-harmonyos-demos/NewsTemplate/News/features/mine/src/test/List.test.ets;/Users/jiaomingyang/project/arkts/repos/agc-template-market-harmonyos-demos/NewsTemplate/News/features/mine/src/test/SetFontSizeUtil.test.ets,local-test,SetFontSizeUtilTest,DEVECO_SDK_HOME=/Applications/DevEco-Studio.app/Contents/sdk NODE_HOME=/Applications/DevEco-Studio.app/Contents/tools/node /Applications/DevEco-Studio.app/Contents/tools/node/bin/node /Applications/DevEco-Studio.app/Contents/tools/hvigor/bin/hvigorw.js --no-daemon test -p module=mine -p coverage=true -p scope=SetFontSizeUtilTest,passed,/Users/jiaomingyang/project/arkts/repos/agc-template-market-harmonyos-demos/NewsTemplate/News/features/mine/.test/default/intermediates/test/coverage_data/test_result.txt,/Users/jiaomingyang/project/arkts/repos/agc-template-market-harmonyos-demos/NewsTemplate/News/features/mine/.test/default/outputs/test/reports/coverageReport.json,yes_2026-04-26_20:06:46,21,21,100.00,12,12,100.00,1,1,100.00,SetFontSizeUtil.getTextByFontSize,rerun passed: 9/9 local tests
5,1,original,@extrulesproject/switch-statement-check,/Users/jiaomingyang/project/arkts/repos/agc-template-market-harmonyos-demos/PhotographyTemplate/ImageProcessing/scenes/picture_beautification/src/main/ets/components/CarouseCutToolBar.ets,156,187,yes,/Users/jiaomingyang/project/arkts/repos/agc-template-market-harmonyos-demos/PhotographyTemplate/ImageProcessing/scenes/picture_beautification/src/ohosTest/ets/test/List.test.ets;/Users/jiaomingyang/project/arkts/repos/agc-template-market-harmonyos-demos/PhotographyTemplate/ImageProcessing/scenes/picture_beautification/src/ohosTest/ets/test/CarouseCutToolBar.test.ets,instrument-test,CarouseCutToolBarTest,DEVECO_SDK_HOME=/Applications/DevEco-Studio.app/Contents/sdk NODE_HOME=/Applications/DevEco-Studio.app/Contents/tools/node /Applications/DevEco-Studio.app/Contents/tools/node/bin/node /Applications/DevEco-Studio.app/Contents/tools/hvigor/bin/hvigorw.js --no-daemon onDeviceTest -p module=picture_beautification@ohosTest -p coverage=true -p scope=CarouseCutToolBarTest,passed,/Users/jiaomingyang/project/arkts/repos/agc-template-market-harmonyos-demos/PhotographyTemplate/ImageProcessing/scenes/picture_beautification/.test/default/intermediates/ohosTest/coverage_data/test_result.txt,/Users/jiaomingyang/project/arkts/repos/agc-template-market-harmonyos-demos/PhotographyTemplate/ImageProcessing/scenes/picture_beautification/.test/default/outputs/ohosTest/reports/coverageReport.json,yes_2026-04-26_20:07:51,30,29,96.67,16,15,93.75,1,1,100.00,getCropRatio,rerun passed: 7/7 instrument tests
6,1,original,@extrulesproject/long-method-check,/Users/jiaomingyang/project/arkts/repos/agc-template-market-harmonyos-demos/BooksAndReferenceTemplate/BookRead/components/swiper_card/src/main/ets/components/TUISwiper.ets,68,124,yes,/Users/jiaomingyang/project/arkts/repos/agc-template-market-harmonyos-demos/BooksAndReferenceTemplate/BookRead/components/swiper_card/src/ohosTest/ets/test/List.test.ets;/Users/jiaomingyang/project/arkts/repos/agc-template-market-harmonyos-demos/BooksAndReferenceTemplate/BookRead/components/swiper_card/src/ohosTest/ets/test/TUISwiper.test.ets,instrument-test,TUISwiperTest,hvigorw.js --no-daemon onDeviceTest -p module=swiper_card -p coverage=true -p scope=TUISwiperTest,passed,/Users/jiaomingyang/project/arkts/repos/agc-template-market-harmonyos-demos/BooksAndReferenceTemplate/BookRead/components/swiper_card/.test/default/intermediates/ohosTest/coverage_data/test_result.txt,/Users/jiaomingyang/project/arkts/repos/agc-template-market-harmonyos-demos/BooksAndReferenceTemplate/BookRead/components/swiper_card/.test/default/outputs/ohosTest/reports/coverageReport.json,yes_2026-04-25_22:34:53,38,32,84.21,12,9,75.00,1,1,100.00,initDataByIsCovered,rerun passed: 3/3 instrument tests
7,1,original,@extrulesproject/long-method-check,/Users/jiaomingyang/project/arkts/repos/agc-template-market-harmonyos-demos/BusinessTemplate/OfficeAttendance/commons/component_lib/src/main/ets/components/CalenderView.ets,47,88,yes,/Users/jiaomingyang/project/arkts/repos/agc-template-market-harmonyos-demos/BusinessTemplate/OfficeAttendance/commons/component_lib/src/ohosTest/ets/test/List.test.ets;/Users/jiaomingyang/project/arkts/repos/agc-template-market-harmonyos-demos/BusinessTemplate/OfficeAttendance/commons/component_lib/src/ohosTest/ets/test/CalenderView.test.ets,instrument-test,CalenderViewTest,DEVECO_SDK_HOME=/Applications/DevEco-Studio.app/Contents/sdk NODE_HOME=/Applications/DevEco-Studio.app/Contents/tools/node /Applications/DevEco-Studio.app/Contents/tools/node/bin/node /Applications/DevEco-Studio.app/Contents/tools/hvigor/bin/hvigorw.js --no-daemon onDeviceTest -p module=component_lib@ohosTest -p coverage=true -p scope=CalenderViewTest,passed,/Users/jiaomingyang/project/arkts/repos/agc-template-market-harmonyos-demos/BusinessTemplate/OfficeAttendance/commons/component_lib/.test/default/intermediates/ohosTest/coverage_data/test_result.txt,/Users/jiaomingyang/project/arkts/repos/agc-template-market-harmonyos-demos/BusinessTemplate/OfficeAttendance/commons/component_lib/.test/default/outputs/ohosTest/reports/coverageReport.json,yes_2026-04-26_20:09:04,32,32,100.00,18,10,55.56,1,1,100.00,refresh,rerun passed: 5/5 instrument tests
7,2,original,@extrulesproject/long-method-check,/Users/jiaomingyang/project/arkts/repos/agc-template-market-harmonyos-demos/BusinessTemplate/OfficeAttendance/commons/component_lib/src/main/ets/components/CalenderView.ets,134,160,yes,/Users/jiaomingyang/project/arkts/repos/agc-template-market-harmonyos-demos/BusinessTemplate/OfficeAttendance/commons/component_lib/src/ohosTest/ets/test/List.test.ets;/Users/jiaomingyang/project/arkts/repos/agc-template-market-harmonyos-demos/BusinessTemplate/OfficeAttendance/commons/component_lib/src/ohosTest/ets/test/CalenderView.test.ets,instrument-test,CalenderViewTest,DEVECO_SDK_HOME=/Applications/DevEco-Studio.app/Contents/sdk NODE_HOME=/Applications/DevEco-Studio.app/Contents/tools/node /Applications/DevEco-Studio.app/Contents/tools/node/bin/node /Applications/DevEco-Studio.app/Contents/tools/hvigor/bin/hvigorw.js --no-daemon onDeviceTest -p module=component_lib@ohosTest -p coverage=true -p scope=CalenderViewTest,passed,/Users/jiaomingyang/project/arkts/repos/agc-template-market-harmonyos-demos/BusinessTemplate/OfficeAttendance/commons/component_lib/.test/default/intermediates/ohosTest/coverage_data/test_result.txt,/Users/jiaomingyang/project/arkts/repos/agc-template-market-harmonyos-demos/BusinessTemplate/OfficeAttendance/commons/component_lib/.test/default/outputs/ohosTest/reports/coverageReport.json,yes_2026-04-26_20:09:04,23,13,56.52,16,9,56.25,1,1,100.00,changeMonthByGesture,rerun passed: 5/5 instrument tests
8,1,original,@extrulesproject/long-method-check,/Users/jiaomingyang/project/arkts/repos/agc-template-market-harmonyos-demos/FoodAndDrinkTemplate/TeaDrinkOrders/features/order_list/src/main/ets/pages/OrderDetailPage.ets,54,115,yes,/Users/jiaomingyang/project/arkts/repos/agc-template-market-harmonyos-demos/FoodAndDrinkTemplate/TeaDrinkOrders/products/phone/src/ohosTest/ets/test/List.test.ets;/Users/jiaomingyang/project/arkts/repos/agc-template-market-harmonyos-demos/FoodAndDrinkTemplate/TeaDrinkOrders/products/phone/src/ohosTest/ets/test/OrderDetailPage.test.ets;/Users/jiaomingyang/project/arkts/repos/agc-template-market-harmonyos-demos/FoodAndDrinkTemplate/TeaDrinkOrders/products/phone/src/ohosTest/ets/testability/pages/Index.ets,instrument-test,OrderDetailPageTest,DEVECO_SDK_HOME=/Applications/DevEco-Studio.app/Contents/sdk NODE_HOME=/Applications/DevEco-Studio.app/Contents/tools/node /Applications/DevEco-Studio.app/Contents/tools/node/bin/node /Applications/DevEco-Studio.app/Contents/tools/hvigor/bin/hvigorw.js --no-daemon onDeviceTest -p module=entry@ohosTest -p coverage=true -p scope=OrderDetailPageTest,passed,/Users/jiaomingyang/project/arkts/repos/agc-template-market-harmonyos-demos/FoodAndDrinkTemplate/TeaDrinkOrders/products/phone/.test/default/intermediates/ohosTest/coverage_data/test_result.txt,/Users/jiaomingyang/project/arkts/repos/agc-template-market-harmonyos-demos/FoodAndDrinkTemplate/TeaDrinkOrders/products/phone/.test/default/outputs/ohosTest/reports/coverageReport.json,yes_2026-04-26_19:52:46,46,11,23.91,10,3,30.00,2,1,50.00,initStoreInfo;anonymous_5,rerun passed: 2/2 instrument tests; entry module instrument test covers order_list route via RouterMap.ORDER_DETAIL_PAGE
